<?xml version="1.0" ?>
<assembly xmlns="http://maven.apache.org/plugins/maven-assembly-plugin/assembly/1.1.0"
          xmlns:xsi="http://www.w3.org/2001/XMLSchema-instance"
          xsi:schemaLocation="http://maven.apache.org/plugins/maven-assembly-plugin/assembly/1.1.0 http://maven.apache.org/xsd/assembly-1.1.0.xsd">
    <id>all</id>
    <formats>
        <format>jar</format>
    </formats>
    <includeBaseDirectory>false</includeBaseDirectory>
    <dependencySets>
        <dependencySet>
            <unpack>true</unpack>
            <scope>runtime</scope>
            <unpackOptions>
                <excludes>
                    <!-- Don't use the META-INF from dependencies -->
                    <exclude>META-INF/**</exclude>
                </excludes>
            </unpackOptions>
        </dependencySet>
    </dependencySets>
</assembly>